Mr,DAug,DAgr,DAri,DAiz,DBug,DBgr,DBri,DBiz,DCug,DCgr,DCri,DCiz
8.5,-0.5207131399482164,-0.7809860492131898,-0.5356451489620592,-0.7194196623860506,-0.6212561525515992,-0.7981468648843317,-0.5726964651632422,-0.8449927279016475,-1.0672875431962703,-1.0620414420705961,-0.44157181792090816,-0.6796281764315925
8.52,-0.5184796231423027,-0.777961186485949,-0.5339492994754382,-0.7154122429749399,-0.6175255169195578,-0.7947507886644646,-0.5704431644363364,-0.8408522670057447,-1.0613576999082814,-1.0573866163701753,-0.44051637789131914,-0.6772640536056344
8.54,-0.516230993440092,-0.7749320695562496,-0.5322505145115307,-0.7114255479682098,-0.6137948812875165,-0.7913547124445974,-0.5681898637094304,-0.8367118061098417,-1.0554278566202926,-1.0527317906697546,-0.43945894710708455,-0.6748999307796762
8.559999999999999,-0.5139670086229114,-0.7718986804239609,-0.5305487787736214,-0.707459259123917,-0.6100642456554751,-0.7879586362247303,-0.5659365629825245,-0.8325713452139389,-1.0494980133323035,-1.0480769649693338,-0.4383995142607366,-0.6725358079537181
8.579999999999998,-0.511687420452149,-0.7688610009616593,-0.528844076831681,-0.703513066262507,-0.6063336100234338,-0.7845625600048631,-0.5636832622556185,-0.828430884318036,-1.0435681700443147,-1.043422139268913,-0.4373380679373564,-0.67017168512776
8.599999999999998,-0.509391974468477,-0.7658190129133619,-0.5271363931207327,-0.6995866669837226,-0.6026029743913924,-0.781166483784996,-0.5614299615287125,-0.8242904234221332,-1.0376383267563256,-1.038767313568492,-0.4362745966131392,-0.6678075623018019
8.619999999999997,-0.5070804097827485,-0.762772697893248,-0.5254257119391943,-0.6956797663961694,-0.5988723387593511,-0.7777704075651288,-0.5591766608018066,-0.8201499625262303,-1.0317084834683368,-1.0341124878680712,-0.4352090886539347,-0.6654434394758438
8.639999999999997,-0.5047524588581485,-0.7597220373843623,-0.5237120174471943,-0.6917920768588449,-0.5951417031273097,-0.7743743313452617,-0.5569233600749006,-0.8160095016303275,-1.0257786401803477,-1.0294576621676503,-0.4341415323137622,-0.6630793166498857
8.659999999999997,-0.5024078472831718,-0.7566670127373015,-0.5219952936648602,-0.6879233177340002,-0.5914110674952683,-0.7709782551253945,-0.5546700593479947,-0.8118690407344246,-1.0198487968923589,-1.0248028364672295,-0.43307191573329945,-0.6607151938239276
8.679999999999996,-0.5000462935349678,-0.753607605168884,-0.5202755244705805,-0.6840732151507251,-0.5876804318632269,-0.7675821789055275,-0.5524167586210887,-0.8077285798385218,-1.0139189536043698,-1.0201480107668086,-0.4320002269383462,-0.6583510709979695
8.699999999999996,-0.49766750873257076,-0.7505437957608034,-0.5185526935992376,-0.6802415017786977,-0.5839497962311856,-0.7641861026856603,-0.5501634578941828,-0.8035881189426188,-1.007989110316381,-1.015493185066388,-0.43092645383825995,-0.6559869481720114
8.719999999999995,-0.49527119637950096,-0.7474755654582625,-0.5168267846404139,-0.6764279166115679,-0.5802191605991442,-0.7607900264657932,-0.5479101571672769,-0.799447658046716,-1.0020592670283919,-1.010838359365967,-0.42985058422436406,-0.6536228253460534
8.739999999999995,-0.49285705209519964,-0.7444028950685916,-0.5150977810365672,-0.6726322047594779,-0.5764885249671029,-0.757393950245926,-0.5456568564403709,-0.7953071971508131,-0.996129423740403,-1.0061835336655462,-0.4287726057683288,-0.6512587025200953
8.759999999999994,-0.4904247633347242,-0.7413257652598472,-0.5133656660811785,-0.6688541172502551,-0.5727578893350616,-0.7539978740260589,-0.543403555713465,-0.7911667362549103,-0.9901995804524141,-1.0015287079651254,-0.42769250602052306,-0.6488945796941372
8.779999999999994,-0.4879740090960983,-0.7382441565593932,-0.5116304229168673,-0.6650934108388338,-0.5690272537030202,-0.7506017978061917,-0.541150254986559,-0.7870262753590074,-0.9842697371644251,-0.9968738822647045,-0.42661027240833654,-0.6465304568681791
8.799999999999994,-0.4855044596146762,-0.7351580493524636,-0.5098920345334785,-0.6613498478244999,-0.5652966180709789,-0.7472057215863246,-0.538896954259653,-0.7828858144631046,-0.9783398938764362,-0.9922190565642837,-0.4255258922344724,-0.644166334042221
8.819999999999993,-0.48301577604384427,-0.7320674238807054,-0.5081504837661368,-0.6576231958755624,-0.5615659824389375,-0.7438096453664574,-0.5366436535327471,-0.7787453535672016,-0.9724100505884472,-0.9875642308638629,-0.42443935267520916,-0.6418022112162629
8.839999999999993,-0.4805076101213395,-0.7289722602407026,-0.5064057532932689,-0.6539132278610927,-0.5578353468068962,-0.7404135691465903,-0.5343903528058411,-0.7746048926712988,-0.9664802073004582,-0.982909405163442,-0.42335064077863155,-0.6394380883903048
8.859999999999992,-0.47797960382042615,-0.7258725383824812,-0.5046578256345936,-0.6502197216893814,-0.5541047111748548,-0.7370174929267231,-0.5321370520789352,-0.7704644317753959,-0.9605503640124693,-0.9782545794630212,-0.4222597434628291,-0.6370739655643467
8.879999999999992,-0.47543138898512227,-0.7227682381079938,-0.5029066831490787,-0.6465424601527908,-0.5503740755428135,-0.733621416706856,-0.5298837513520293,-0.7663239708794931,-0.9546205207244803,-0.9735997537626003,-0.4211666475140617,-0.6347098427383886
8.899999999999991,-0.47286258694862265,-0.7196593390695839,-0.5011523080328638,-0.6428812307786953,-0.5466434399107721,-0.730225340486989,-0.5276304506251233,-0.7621835099835902,-0.9486906774364914,-0.9689449280621796,-0.420071339584893,-0.6323457199124305
8.919999999999991,-0.4702728081340105,-0.7165458207684299,-0.49939468231714806,-0.6392358256862202,-0.5429128042787308,-0.7268292642671218,-0.5253771498982174,-0.7580430490876874,-0.9427608341485024,-0.9642901023617587,-0.4189738061922882,-0.6299815970864724
8.93999999999999,-0.46766165163629997,-0.7134276625529683,-0.497633787866043,-0.6356060414485052,-0.5391821686466893,-0.7234331880472546,-0.5231238491713114,-0.7539025881917845,-0.9368309908605135,-0.9596352766613379,-0.4178740337156781,-0.6276174742605143
8.95999999999999,-0.4650287047847858,-0.7103048436172954,-0.4958696063743896,-0.6319916789602361,-0.535451533014648,-0.7200371118273875,-0.5208705484444055,-0.7497621272958817,-0.9309011475725245,-0.954980450960917,-0.4167720083949864,-0.6252533514345562
8.97999999999999,-0.4623735426846226,-0.7071773429995479,-0.4941021193655379,-0.6283925433101977,-0.5317208973826066,-0.7166410356075203,-0.5186172477174995,-0.7456216663999787,-0.9249713042845356,-0.9503256252604962,-0.41566771632862165,-0.6228892286085981
8.99999999999999,-0.45969572773648515,-0.7040451395802608,-0.4923313081890887,-0.6248084436586206,-0.5279902617505653,-0.7132449593876532,-0.5163639469905935,-0.7414812055040759,-0.9190414609965467,-0.9456707995600754,-0.4145611434714307,-0.62052510578264
9.019999999999989,-0.45699480913309004,-0.7009082120807042,-0.4905571540185992,-0.6212391931190995,-0.524259626118524,-0.709848883167786,-0.5141106462636876,-0.737340744608173,-0.9131116177085578,-0.9410159738596545,-0.413452275632615,-0.6181609829566819
9.039999999999988,-0.45427032233128956,-0.697766539061196,-0.4887796378492456,-0.6176846086448807,-0.5205289904864826,-0.7064528069479189,-0.5118573455367816,-0.7332002837122702,-0.9071817744205688,-0.9363611481592337,-0.41234109847360667,-0.6157968601307238
9.059999999999988,-0.4515217884983611,-0.6946200989193924,-0.4869987404954494,-0.6141445109193183,-0.5167983548544413,-0.7030567307280517,-0.5096040448098758,-0.7290598228163673,-0.9012519311325798,-0.9317063224588129,-0.41122759750590615,-0.6134327373047657
9.079999999999988,-0.4487487139310404,-0.6914688698885558,-0.4852144425884608,-0.6106187242503184,-0.5130677192223999,-0.6996606545081846,-0.5073507440829698,-0.7249193619204645,-0.8953220878445909,-0.927051496758392,-0.4101117580888774,-0.6110686144788076
9.099999999999987,-0.4459505894457447,-0.6883128300357969,-0.4834267245739013,-0.6071070764685911,-0.5093370835903586,-0.6962645782883174,-0.5050974433560638,-0.7207789010245615,-0.8893922445566019,-0.9223966710579712,-0.4089935654275022,-0.6087044916528496
9.119999999999987,-0.44312688973835046,-0.6851519572602942,-0.48163556670926305,-0.6036093988295467,-0.5056064479583172,-0.6928685020684503,-0.5028441426291579,-0.7166384401286587,-0.883462401268613,-0.9177418453575503,-0.40787300457009146,-0.6063403688268915
9.139999999999986,-0.44027707271177313,-0.6819862292914881,-0.47984094906136526,-0.600125525918677,-0.5018758123262759,-0.6894724258485833,-0.5005908419022519,-0.7124979792327558,-0.877532557980624,-0.9130870196571296,-0.4067500604059526,-0.6039762460009334
9.159999999999986,-0.4374005787695039,-0.6788156236872507,-0.4780428515037663,-0.5966552955602702,-0.49814517669423447,-0.6860763496287161,-0.49833754117534595,-0.708357518336853,-0.8716027146926351,-0.9084321939567087,-0.40562471766301195,-0.6016121231749753
9.179999999999986,-0.43449683007312934,-0.6756401178320292,-0.47624125371413,-0.5931985487293197,-0.4944145410621931,-0.682680273408849,-0.49608424044844,-0.7042170574409501,-0.8656728714046461,-0.9037773682562878,-0.40449696090539183,-0.5992480003490172
9.199999999999985,-0.4315652297617509,-0.6724596889349636,-0.4744361351715458,-0.5897551294664874,-0.4906839054301518,-0.6792841971889818,-0.4938309397215341,-0.7000765965450473,-0.8597430281166571,-0.899122542555867,-0.40336677453093994,-0.596883877523059
9.219999999999985,-0.42860516113108393,-0.6692743140279791,-0.4726274751538018,-0.5863248847959988,-0.48695326979811043,-0.6758881209691147,-0.4915776389946281,-0.6959361356491444,-0.8538131848286682,-0.8944677168554462,-0.4022341427687111,-0.5945197546971009
9.239999999999984,-0.4256159867698843,-0.6660839699638501,-0.47081525273460934,-0.5829076646463394,-0.4832226341660691,-0.6724920447492475,-0.48932433826772215,-0.6917956747532416,-0.8478833415406792,-0.8898128911550254,-0.4010990496763996,-0.5921556318711428
9.259999999999984,-0.42259704765120654,-0.6628886334142386,-0.46899944678077804,-0.5795033217736454,-0.47949199853402774,-0.6690959685293804,-0.4870710375408162,-0.6876552138573386,-0.8419534982526903,-0.8851580654546045,-0.399961479137721,-0.5897915090451847
9.279999999999983,-0.4195476621758464,-0.6596882808677036,-0.46718003594934043,-0.5761117116876696,-0.4757613629019864,-0.6656998923095132,-0.48481773681391027,-0.6835147529614358,-0.8360236549647013,-0.8805032397541837,-0.3988214148597424,-0.5874273862192266
9.299999999999983,-0.4164671251651602,-0.6564828886276819,-0.4653569986846253,-0.572732692580223,-0.472030727269945,-0.6623038160896461,-0.48256443608700433,-0.6793742920655329,-0.8300938116767124,-0.8758484140537629,-0.3976788403701601,-0.5850632633932685
9.319999999999983,-0.4133547068002917,-0.6532724328104426,-0.4635303132152781,-0.5693661252559888,-0.46830009163790365,-0.6589077398697789,-0.48031113536009834,-0.6752338311696301,-0.8241639683887235,-0.871193588353342,-0.3965337390145222,-0.5826991405673104
9.339999999999982,-0.41020965150465477,-0.6500568893430099,-0.4616999575512268,-0.5660118730656154,-0.4645694560058623,-0.6555116636499118,-0.4780578346331924,-0.6710933702737272,-0.8182341251007346,-0.8665387626529212,-0.3953860939533969,-0.5803350177413523
9.359999999999982,-0.4070311767663478,-0.646836233961057,-0.45986590948059414,-0.562669801840994,-0.46083882037382096,-0.6521155874300446,-0.47580453390628646,-0.6669529093778244,-0.8123042818127456,-0.8618839369525003,-0.39423588815948246,-0.5779708949153942
9.379999999999981,-0.4038184718969803,-0.6436104422067708,-0.4580281465665525,-0.559339779832639,-0.4571081847417796,-0.6487195112101776,-0.4735512331793805,-0.6628124484819214,-0.8063744385247567,-0.8572291112520796,-0.3930831044146605,-0.5756067720894361
9.39999999999998,-0.40057069672320145,-0.6403794894266837,-0.4561866461441209,-0.5560216776490842,-0.45337754910973826,-0.6453234349903104,-0.4712979324524746,-0.6586719875860186,-0.8004445952367677,-0.8525742855516587,-0.39192772530698833,-0.573242649263478
9.41999999999998,-0.3972869802070198,-0.6371433507694759,-0.45434138531690504,-0.5527153681982173,-0.44964691347769686,-0.6419273587704433,-0.4690446317255686,-0.6545315266901157,-0.7945147519487787,-0.8479194598512378,-0.39076973322763037,-0.5708785264375199
9.43999999999998,-0.3939664189907989,-0.6339020011837463,-0.45249234095377416,-0.5494207266304787,-0.4459162778456555,-0.6385312825505761,-0.46679133099866266,-0.6503910657942129,-0.7885849086607898,-0.843264634150817,-0.3896091103677272,-0.5685144036115618
9.45999999999998,-0.3906080758626115,-0.630655415415748,-0.4506394896854792,-0.546137630283852,-0.44218564221361417,-0.635135206330709,-0.4645380302717567,-0.64625060489831,-0.7826550653728008,-0.8386098084503962,-0.3884458387152002,-0.5661502807856038
9.479999999999979,-0.38721097813742683,-0.6274035680070942,-0.4487828079012066,-0.5428659586305752,-0.4384550065815728,-0.6317391301108418,-0.4622847295448508,-0.6421101440024072,-0.7767252220848119,-0.8339549827499754,-0.3872799000514898,-0.5637861579596457
9.499999999999979,-0.38377411594940947,-0.6241464332924284,-0.44692227174506777,-0.5396055932255122,-0.4347243709495315,-0.6283430538909747,-0.46003142881794484,-0.6379696831065043,-0.7707953787968229,-0.8293001570495545,-0.38611127594822625,-0.5614220351336876
9.519999999999978,-0.38029644045041006,-0.6208839853970615,-0.4450578571125228,-0.5363564176561173,-0.43099373531749013,-0.6249469776711075,-0.45777812809103885,-0.6338292222106015,-0.764865535508834,-0.8246453313491336,-0.3849399477638318,-0.5590579123077295
9.539999999999978,-0.3767768619095565,-0.6176161982345735,-0.4431895396467371,-0.5331183174939347,-0.4272630996854488,-0.6215509014512404,-0.4555248273641329,-0.6296887613146985,-0.758935692220845,-0.8199905056487129,-0.3837658966400509,-0.5566937894817714
9.559999999999977,-0.37321424770868666,-0.6143430455043795,-0.44131729473486864,-0.5298911802475773,-0.4235324640534074,-0.6181548252313732,-0.453271526637227,-0.6255483004187957,-0.753005848932856,-0.815335679948292,-0.38258910349840747,-0.5543296666558133
9.579999999999977,-0.36960742022823717,-0.6110645006892607,-0.43944109750428556,-0.5266748953171262,-0.41980182842136604,-0.6147587490115061,-0.45101822591032104,-0.6214078395228928,-0.7470760056448671,-0.8106808542478712,-0.3814095490365886,-0.5519655438298552
9.599999999999977,-0.3659551546181069,-0.6077805370528574,-0.43756092281870984,-0.5234693539499045,-0.4160711927893247,-0.611362672791639,-0.4487649251834151,-0.61726737862699,-0.7411461623568781,-0.8060260285474503,-0.38022721372474944,-0.5496014210038971
9.619999999999976,-0.3622561764479695,-0.604491127637126,-0.4356767452742892,-0.5202744491975679,-0.41234055715728335,-0.6079665965717719,-0.4465116244565091,-0.6131269177310871,-0.7352163190688892,-0.8013712028470296,-0.37904207780174143,-0.547237298177939
9.639999999999976,-0.3585091592315332,-0.6011962452597562,-0.43378853919559174,-0.5170900758744725,-0.408609921525242,-0.6045705203519047,-0.44425832372960317,-0.6089864568351842,-0.7292864757809002,-0.7967163771466087,-0.377854121271258,-0.5448731753519809
9.659999999999975,-0.3547127218193521,-0.5978958625115507,-0.43189627863152436,-0.5139161305172659,-0.40487928589320066,-0.6011744441320376,-0.44200502300269723,-0.6048459959392813,-0.7233566324929114,-0.7920615514461878,-0.37666332389789875,-0.5425090525260228
9.679999999999975,-0.3508654256550088,-0.5945899517537651,-0.42999993735117065,-0.510752511345664,-0.4011486502611593,-0.5977783679121704,-0.4397517222757913,-0.6007055350433784,-0.7174267892049224,-0.787406725745767,-0.37546966520314734,-0.5401449297000647
9.699999999999974,-0.34696577188984234,-0.5912784851154071,-0.42809948883954935,-0.5075991182243677,-0.3974180146291179,-0.5943822916923033,-0.43749842154888535,-0.5965650741474756,-0.7114969459169335,-0.7827519000453462,-0.3742731244612628,-0.5377808068741066
9.719999999999974,-0.34301219835192176,-0.587961434490496,-0.4261949062932883,-0.5044558526260813,-0.39368737899707656,-0.5909862154724361,-0.43524512082197936,-0.5924246132515727,-0.7055671026289445,-0.7780970743449254,-0.37307368069508073,-0.5354166840481485
9.739999999999974,-0.3390030763657015,-0.584638771535278,-0.42428616261621405,-0.5013226175955917,-0.3899567433650352,-0.587590139252569,-0.4329918200950734,-0.5882841523556699,-0.6996372593409556,-0.7734422486445045,-0.3718713126717223,-0.5330525612221904
9.759999999999973,-0.334936707419815,-0.5813104676654021,-0.4223732304148541,-0.4981993177148744,-0.3862261077329939,-0.5841940630327018,-0.4307385193681675,-0.584143691459767,-0.6937074160529666,-0.7687874229440836,-0.37066599889820906,-0.5306884383962323
9.779999999999973,-0.3308113196817941,-0.5779764940530501,-0.4204560819938499,-0.4950858590691874,-0.3824954721009525,-0.5807979868128347,-0.42848521864126154,-0.5800032305638642,-0.6877775727649776,-0.7641325972436629,-0.3694577176169802,-0.5283243155702742
9.799999999999972,-0.3266250643602624,-0.5746368216240235,-0.41853468935127885,-0.49198214921412214,-0.3787648364689112,-0.5774019105929675,-0.4262319179143556,-0.5758627696679612,-0.6818477294769887,-0.759477771543242,-0.36824644680130975,-0.525960192744316
9.819999999999972,-0.3223760119174057,-0.5712914210547861,-0.4166090241738824,-0.48888809714357584,-0.37503420083686984,-0.5740058343731004,-0.4239786171874496,-0.5717223087720584,-0.6759178861889997,-0.7548229458428212,-0.3670321641506223,-0.5235960699183579
9.839999999999971,-0.31806214813740713,-0.5679402627694594,-0.41467905783219766,-0.4858036132586162,-0.37130356520482843,-0.5706097581532333,-0.4217253164605437,-0.5675818478761555,-0.6699880429010108,-0.7501681201424003,-0.36581484708570183,-0.5212319470924
9.859999999999971,-0.31368137006016855,-0.564583316936772,-0.41274476137559213,-0.4827286093372072,-0.3675729295727871,-0.5672136819333662,-0.41947201573363774,-0.5634413869802527,-0.6640581996130218,-0.7455132944419796,-0.3645944727437936,-0.5188678242664418
9.87999999999997,-0.30923148179421633,-0.5612205534669614,-0.41080610552719615,-0.4796629985047663,-0.36384229394074574,-0.563817605713499,-0.4172187150067318,-0.5593009260843498,-0.6581283563250329,-0.7408584687415587,-0.36337101797359395,-0.5165037014404837
9.89999999999997,-0.3047101902283908,-0.5578519420086281,-0.4088630606787332,-0.47660669520552806,-0.3601116583087044,-0.5604215294936319,-0.41496541427982586,-0.555160465188447,-0.6521985130370439,-0.7362036430411378,-0.36214445933012623,-0.5141395786145256
9.91999999999997,-0.3001151006690018,-0.5544774519455381,-0.40691559688524337,-0.47355961517468315,-0.35638102267666305,-0.5570254532737647,-0.41271211355291987,-0.551020004292544,-0.646268669749055,-0.731548817340717,-0.3609147730694985,-0.5117754557885675
9.93999999999997,-0.2954437124378918,-0.5510970523933776,-0.4049636838596999,-0.470521675411272,-0.3526503870446217,-0.5536293770538976,-0.41045881282601393,-0.5468795433966412,-0.640338826461066,-0.7268939916402962,-0.3596819351435407,-0.5094113329626094
9.959999999999969,-0.2906934144776336,-0.5477107121964544,-0.4030072909675127,-0.4674927941518035,-0.34891975141258036,-0.5502333008340304,-0.408205512099108,-0.5427390825007383,-0.634408983173077,-0.7222391659398754,-0.35844592119431795,-0.5070472101366513
9.979999999999968,-0.2858614810233228,-0.544318399924348,-0.4010463872209192,-0.46447289084457977,-0.34518911578053896,-0.5468372246141633,-0.40595221137220205,-0.5385986216048355,-0.6284791398850882,-0.7175843402394545,-0.35720670654851494,-0.5046830873106932
9.999999999999968,-0.28094506741660985,-0.5409200838685063,-0.3990809412732575,-0.4614618861246998,-0.3414584801484976,-0.5434411483942961,-0.4036989106452961,-0.5344581607089326,-0.6225492965970992,-0.7129295145390336,-0.3559642662116895,-0.5023189644847351
10.019999999999968,-0.2759412061573386,-0.5375157320387869,-0.39711092141311954,-0.4584597017897239,-0.33772784451645627,-0.540045072174429,-0.4014456099183901,-0.5303176998130298,-0.6166194533091103,-0.7082746888386129,-0.35471857486239056,-0.499954841658777
10.039999999999967,-0.2708468033121175,-0.5341053121599446,-0.3951362955583823,-0.4554662607759743,-0.3339972088844149,-0.5366489959545618,-0.3991923091914842,-0.5261772389171269,-0.6106896100211213,-0.703619863138192,-0.3534696068461372,-0.4975907188328189
10.059999999999967,-0.2656586354281284,-0.5306887916680605,-0.39315703125011103,-0.4524814871354551,-0.3302665732523736,-0.5332529197346947,-0.39693900846457825,-0.5220367780212241,-0.6047597667331324,-0.6989650374377712,-0.35221733616925366,-0.4952265960068608
10.079999999999966,-0.26037334713543764,-0.5272661377069152,-0.39117309564633473,-0.44950530601336863,-0.32653593762033223,-0.5298568435148276,-0.3946857077376723,-0.5178963171253211,-0.5988299234451434,-0.6943102117373503,-0.35096173649255796,-0.4928624731809027
10.099999999999966,-0.25498744966301723,-0.5238373171243015,-0.3891844555156875,-0.4465376436262123,-0.3228053019882909,-0.5264607672949605,-0.39243240701076637,-0.5137558562294183,-0.5929000801571545,-0.6896553860369296,-0.3497027811248974,-0.4904983503549446
10.119999999999965,-0.24949732054379511,-0.5204022964682785,-0.3871910772309146,-0.4435784272404351,-0.3190746663562495,-0.5230646910750933,-0.3901791062838604,-0.5096153953335154,-0.5869702368691655,-0.6850005603365087,-0.348440443016529,-0.48813422752898655
10.139999999999965,-0.2438992048435894,-0.5169610419833633,-0.3851929267622374,-0.4406275851516398,-0.31534403072420814,-0.5196686148552262,-0.38792580555695444,-0.5054749344376126,-0.5810403935811765,-0.6803457346360878,-0.3471746947523379,-0.48577010470302845
10.159999999999965,-0.2381892183190219,-0.5135135196066618,-0.3831899696705757,-0.4376850466643091,-0.3116133950921668,-0.516272538635359,-0.3856725048300485,-0.5013344735417097,-0.5751105502931876,-0.675690908935667,-0.34590550854489116,-0.48340598187707035
10.179999999999964,-0.2323633529917504,-0.510059694963934,-0.38118217110062214,-0.43475074207204506,-0.30788275946012544,-0.5128764624154919,-0.38341920410314256,-0.49719401264580687,-0.5691807070051986,-0.6710360832352462,-0.3446328562273194,-0.48104185905111224
10.199999999999964,-0.22641748572171283,-0.5065995333655957,-0.37916949577376546,-0.43182460263830136,-0.3041521238280841,-0.5094803861956247,-0.3811659033762366,-0.493053551749904,-0.5632508637172097,-0.6663812575348254,-0.34335670924602346,-0.47867773622515414
10.219999999999963,-0.2203473904713114,-0.5031329998026532,-0.37715190798085774,-0.4289065605775973,-0.30042148819604275,-0.5060843099757576,-0.37891260264933063,-0.48891309085400114,-0.5573210204292207,-0.6617264318344045,-0.3420770386532004,-0.47631361339919603
10.239999999999963,-0.21414875507570694,-0.49966005894257143,-0.3751293715748228,-0.42599654903719486,-0.2966908525640014,-0.5026882337558904,-0.3766593019224247,-0.4847726299580982,-0.5513911771412318,-0.6570716061339836,-0.34079381509918083,-0.47394949057323793
10.259999999999962,-0.20781720347071078,-0.4961806751250713,-0.3731018499631001,-0.4230945020792293,-0.29296021693196,-0.49929215753602335,-0.37440600119551876,-0.48063216906219536,-0.5454613338532428,-0.6524167804335629,-0.33950700882457535,-0.4715853677472798
10.279999999999962,-0.20134832447656956,-0.49269481235785817,-0.37106930609991995,-0.42020035466327627,-0.28922958129991866,-0.4958960813161562,-0.3721527004686128,-0.4764917081662925,-0.5395314905652538,-0.647761954733142,-0.33821658965222223,-0.4692212449213217
10.299999999999962,-0.19473770838823454,-0.4892024343122781,-0.36903170247840655,-0.41731404262934385,-0.2854989456678773,-0.49250000509628905,-0.3698993997417069,-0.47235124727038963,-0.5336016472772649,-0.6431071290327212,-0.33692252697893,-0.4668571220953636
10.319999999999961,-0.18798099277200778,-0.48570350431890014,-0.36698900112250227,-0.41443550268127743,-0.28176831003583597,-0.4891039288764219,-0.3676460990148009,-0.46821078637448676,-0.527671803989276,-0.6384523033323003,-0.3356247897670091,-0.46449299926940557
10.33999999999996,-0.18107391900156208,-0.4821979853630245,-0.36494116357870965,-0.41156467237056343,-0.2780376744037946,-0.48570785265655475,-0.36539279828789495,-0.4640703254785839,-0.5217419607012871,-0.6337974776318795,-0.3343233465355865,-0.46212887644344747
10.35999999999996,-0.17401240116372835,-0.47868584008011394,-0.3628881509076456,-0.4087014900805229,-0.2743070387717533,-0.48231177643668766,-0.363139497560989,-0.45992986458268104,-0.5158121174132981,-0.6291426519314587,-0.3330181653516946,-0.45976475361748936
10.37999999999996,-0.1667926089987331,-0.47516703075114697,-0.3608299236754021,-0.40584589501088025,-0.27057640313971193,-0.4789157002168205,-0.3608861968340831,-0.45578940368677817,-0.5098822741253092,-0.6244878262310378,-0.33170921382113006,-0.45740063079153126
10.39999999999996,-0.15941106647377598,-0.4716415192978923,-0.35876644194470925,-0.4029978271627001,-0.26684576750767053,-0.47551962399695336,-0.35863289610717713,-0.4516489427908753,-0.5039524308373202,-0.619833000530617,-0.3303964590790721,-0.45503650796557316
10.419999999999959,-0.1518647673754032,-0.4681092672781004,-0.35669766526589336,-0.40015722732367776,-0.2631151318756292,-0.4721235477770862,-0.35637959538027114,-0.44750848189497244,-0.49802258754933126,-0.6151781748301962,-0.32907986778045495,-0.45267238513961505
10.439999999999959,-0.14415130888690286,-0.46457023588061364,-0.35462355266762546,-0.3973240370537765,-0.25938449624358784,-0.46872747155721906,-0.3541262946533652,-0.4433680209990696,-0.4920927442613423,-0.6105233491297754,-0.327759406090085,-0.45030826231365695
10.459999999999958,-0.1362690434254353,-0.4610243859203903,-0.35254406264745397,-0.394498198671199,-0.2556538606115465,-0.4653313953373519,-0.35187299392645927,-0.4392275601031667,-0.48616290097335335,-0.6058685234293545,-0.32643503967249543,-0.44794413948769884
10.479999999999958,-0.1282172479806928,-0.4574716778334433,-0.35045915316211557,-0.3916796552386861,-0.25192322497950514,-0.4619353191174848,-0.3496196931995533,-0.43508709920726385,-0.4802330576853644,-0.6012136977289337,-0.3251067336815289,-0.44558001666174074
10.499999999999957,-0.11999630876157633,-0.4539120716716889,-0.34836878161761686,-0.3888683505501304,-0.24819258934746377,-0.45853924289761766,-0.3473663924726474,-0.430946638311361,-0.47430321439737544,-0.5965588720285129,-0.3237744527496398,-0.4432158938357827
10.519999999999957,-0.11160791708402891,-0.45034552709770653,-0.34627290485908224,-0.3860642291175006,-0.24446195371542243,-0.4551431666777505,-0.3451130917457414,-0.4268061774154581,-0.4683733711093865,-0.591904046328092,-0.3224381609769064,-0.4408517710098246
10.539999999999957,-0.10305527013572195,-0.4467720033794054,-0.34417147916035795,-0.3832672361580608,-0.24073131808338108,-0.45174709045788336,-0.34285979101883546,-0.42266571651955526,-0.4624435278213975,-0.5872492206276712,-0.32109782191974406,-0.4384876481838665
10.559999999999956,-0.09434326762511673,-0.4431914593845972,-0.34206446021336906,-0.3804773175818855,-0.23700068245133973,-0.4483510142380162,-0.3406064902919295,-0.4185252556236524,-0.4565136845334086,-0.5825943949272504,-0.31975339857930823,-0.4361235253579084
10.579999999999956,-0.08547869256721698,-0.4396038535754723,-0.33995180311721884,-0.37769441997965353,-0.23327004681929836,-0.44495493801814906,-0.3383531895650236,-0.41438479472774953,-0.45058384124541967,-0.5779395692268295,-0.31840485338957775,-0.4337594025319503
10.599999999999955,-0.07647036191266482,-0.4360091440029774,-0.33783346236702483,-0.37491849061071886,-0.22953941118725701,-0.44155886179828197,-0.33609988883811764,-0.41024433383184666,-0.4446539979574307,-0.5732847435264087,-0.3170521482051074,-0.4313952797059922
10.619999999999955,-0.06732923086078087,-0.43240728830109315,-0.3357093918424827,-0.37214947739144905,-0.22580877555521567,-0.4381627855784148,-0.33384658811121165,-0.4061038729359438,-0.43872415466944176,-0.5686299178259878,-0.31569524428843815,-0.42903115688003407
10.639999999999954,-0.05806843407655651,-0.4287982436810081,-0.3335795447961507,-0.3693873288838231,-0.2220781399231743,-0.43476670935854766,-0.3315932873843057,-0.40196341204004093,-0.4327943113814528,-0.5639750921255671,-0.3143341022971536,-0.42666703405407597
10.659999999999954,-0.048703248229394674,-0.4251819669251885,-0.33144387384144514,-0.36663199428428256,-0.21834750429113295,-0.4313706331386805,-0.3293399866573998,-0.39782295114413807,-0.42686446809346384,-0.5593202664251462,-0.3129686822705699,-0.42430291122811786
10.679999999999954,-0.03925096372739402,-0.4215584143813399,-0.3293023309403395,-0.36388342341282975,-0.2146168686590916,-0.42797455691881336,-0.32708668593049384,-0.3936824902482352,-0.4209346248054749,-0.5546654407247253,-0.31159894361604773,-0.4219387884021598
10.699999999999953,-0.029730659371786615,-0.41792754195625986,-0.327154867390757,-0.3611415667023646,-0.21088623302705026,-0.4245784806989462,-0.3248333852035879,-0.38954202935233234,-0.41500478151748593,-0.5500106150243045,-0.3102248450949107,-0.4195746655762017
10.719999999999953,-0.02016288158248355,-0.41428930510957707,-0.3250014338136478,-0.3584063751882556,-0.20715559739500888,-0.4211824044790791,-0.3225800844766819,-0.3854015684564295,-0.40907493822949703,-0.5453557893238837,-0.30884634480795964,-0.4172105427502436
10.739999999999952,-0.01056923900235059,-0.41064365884737747,-0.32284198013974125,-0.3556778004981372,-0.20342496176296754,-0.41778632825921197,-0.32032678374977597,-0.3812611075605266,-0.4031450949415081,-0.5407009636234629,-0.30746340018056434,-0.4148464199242855
10.759999999999952,-0.0009719323755606714,-0.4069905577157117,-0.3206764555959628,-0.35295579484192907,-0.1996943261309262,-0.4143902520393448,-0.31807348302287003,-0.37712064666462375,-0.3972152516535191,-0.536046137923042,-0.3060759679473221,-0.4124822970983274
10.779999999999951,0.008606752904904497,-0.4033299557939828,-0.31850480869150527,-0.35024031100206937,-0.19596369049888482,-0.41099417581947767,-0.3158201822959641,-0.3729801857687209,-0.39128540836553016,-0.5313913122226211,-0.30468400413626356,-0.4101181742723693
10.799999999999951,0.01814495965937053,-0.39966180668821216,-0.3163269872035435,-0.34753130232395907,-0.19223305486684347,-0.4075980995996105,-0.31356688156905815,-0.368839724872818,-0.3853555650775412,-0.5267364865222004,-0.3032874640525922,-0.4077540514464112
10.81999999999995,0.027621744604376143,-0.39598606352417853,-0.31414293816258193,-0.34482872270660925,-0.18850241923480213,-0.40420202337974337,-0.31131358084215216,-0.36469926397691516,-0.37942572178955225,-0.5220816608217795,-0.30188630226193913,-0.4053899286204531
10.83999999999995,0.037017507591898376,-0.3923026789404302,-0.31195260783742246,-0.3421325265934874,-0.18477178360276075,-0.4008059471598763,-0.3090602801152462,-0.3605588030810123,-0.3734958785015633,-0.5174268351213587,-0.300480472573116,-0.403025805794495
10.85999999999995,0.04631434179970255,-0.388611605081164,-0.3097559417197407,-0.33944266896355846,-0.1810411479707194,-0.3974098709400091,-0.3068069793883403,-0.3564183421851094,-0.36756603521357434,-0.5127720094209378,-0.2990699280203468,-0.4006616829685369
10.87999999999995,0.055496291003107656,-0.38491279358897235,-0.3075528845082593,-0.33675910532251263,-0.17731051233867806,-0.394013794720142,-0.30455367866143435,-0.35227788128920656,-0.36163619192558544,-0.5081171837205171,-0.29765462084496086,-0.39829756014257883
10.899999999999949,0.06454950935267942,-0.38120619559745056,-0.30534338009250306,-0.3340817916941788,-0.17357987670663672,-0.3906177185002748,-0.3023003779345284,-0.3481374203933037,-0.3557063486375965,-0.5034623580200962,-0.29623450247652405,-0.39593343731662073
10.919999999999948,0.07346232753075363,-0.37749176172366516,-0.30312737153612523,-0.33141068461211626,-0.16984924107459534,-0.3872216422804077,-0.3000470772076224,-0.34399695949740083,-0.3497765053496075,-0.49880753231967534,-0.2948095235133903,-0.3935693144906626
10.939999999999948,0.0822252357520962,-0.3737694420604772,-0.300904801059788,-0.3287457411113811,-0.166118605442554,-0.3838255660605406,-0.2977937764807165,-0.33985649860149797,-0.34384666206161857,-0.49415270661925453,-0.29337963370264913,-0.3912051916647045
10.959999999999948,0.09083079832034928,-0.37003918616871906,-0.2986756100235849,-0.32608691872046325,-0.16238796981051265,-0.38042948984067343,-0.29554047575381054,-0.3357160377055951,-0.3379168187736296,-0.48949788091883367,-0.2919447819194468,-0.3888410688387464
10.979999999999947,0.09927351635341766,-0.36630094306922006,-0.2964397389089887,-0.3234341754533886,-0.15865733417847128,-0.3770334136208063,-0.2932871750269046,-0.33157557680969224,-0.33198697548564066,-0.48484305521841287,-0.2905049161456573,-0.3864769460127883
10.999999999999947,0.10754965520705122,-0.3625546612346777,-0.29419712730031006,-0.32078746980198386,-0.15492669854642993,-0.37363733740093913,-0.29103387429999866,-0.3274351159137894,-0.3260571321976517,-0.480188229517992,-0.28905998344787837,-0.3841128231868302
11.019999999999946,0.11565705160343293,-0.35880028858137125,-0.29194771386564916,-0.3181467607282985,-0.15119606291438858,-0.370241261181072,-0.28878057357309267,-0.3232946550178865,-0.32012728890966274,-0.4755334038175712,-0.28760992995472434,-0.3817487003608721
11.039999999999946,0.12359491309120799,-0.35503777246071305,-0.2896914363373252,-0.31551200765718096,-0.14746542728234724,-0.36684518496120483,-0.28652727284618673,-0.31915419412198365,-0.31419744562167384,-0.47087857811715034,-0.2861547008333908,-0.379384577534914
11.059999999999945,0.13136361973303817,-0.3512670596506349,-0.287428231491764,-0.31288317046900416,-0.14373479165030587,-0.36344910874133773,-0.2842739721192808,-0.3150137332260808,-0.3082676023336849,-0.46622375241672953,-0.28469424026546014,-0.37702045470895595
11.079999999999945,0.13896453521829275,-0.3474880963468039,-0.28515803512882765,-0.3102602094925384,-0.14000415601826452,-0.3600530325214706,-0.28202067139237486,-0.3108732723301779,-0.30233775904569593,-0.46156892671630867,-0.2832284914219196,-0.37465633188299785
11.099999999999945,0.14639983217744923,-0.34370082815366526,-0.2828807820505649,-0.3076430854979661,-0.13627352038622317,-0.35665695630160343,-0.27976737066546886,-0.30673281143427505,-0.296407915757707,-0.45691410101588786,-0.2817573964373578,-0.37229220905703975
11.119999999999944,0.1536723344575117,-0.33990520007530706,-0.2805964060393636,-0.3050317596900363,-0.1325428847541818,-0.3532608800817363,-0.2775140699385629,-0.3025923505383722,-0.290478072469718,-0.452259275315467,-0.28028089638330944,-0.36992808623108164
11.139999999999944,0.1607853775407864,-0.3361011565061424,-0.2783048398354845,-0.3024261937013549,-0.12881224912214045,-0.34986480386186913,-0.275260769211657,-0.2984518896424693,-0.28454822918172906,-0.4476044496150462,-0.27879893124071103,-0.36756396340512354
11.159999999999943,0.16774268713031243,-0.332288641221405,-0.27600601511395456,-0.29982634958580745,-0.1250816134900991,-0.346468727642002,-0.27300746848475105,-0.29431142874656646,-0.2786183858937401,-0.44294962391462533,-0.27731143987143264,-0.36519984057916544
11.179999999999943,0.17454827512920457,-0.32846759736745357,-0.2736998624607968,-0.2972321898121117,-0.12135097785805775,-0.3430726514221349,-0.2707541677578451,-0.2901709678506636,-0.27268854260575115,-0.43829479821420453,-0.27581835998884696,-0.36283571775320733
11.199999999999942,0.18120635174021646,-0.32463796745187984,-0.2713863113485744,-0.294643677257496,-0.1176203422260164,-0.33967657520226774,-0.2685008670309391,-0.28603050695476073,-0.26675869931776225,-0.43363997251378367,-0.27431962812739535,-0.36047159492724923
11.219999999999942,0.18772125213775703,-0.3207996933334157,-0.2690652901112237,-0.29206077520150114,-0.11388970659397504,-0.3362804989824006,-0.2662475663040332,-0.28189004605885787,-0.2608288560297733,-0.42898514681336286,-0.2728151796111099,-0.3581074721012911
11.239999999999942,0.19409737605613606,-0.3169527162116345,-0.26673672591815184,-0.28948344731990305,-0.11015907096193368,-0.33288442276253344,-0.26399426557712724,-0.277749585162955,-0.25489901274178434,-0.424330321112942,-0.27130494852104525,-0.355743349275333
11.259999999999941,0.20033913864384184,-0.3130969766164414,-0.2644005447475705,-0.28691165767875243,-0.10642843532989234,-0.3294883465426663,-0.2617409648502213,-0.27360912426705214,-0.24896916945379538,-0.4196754954125212,-0.2697888676615765,-0.353379226449375
11.27999999999994,0.2064509310138016,-0.3092324143973465,-0.26205667135904076,-0.2843453707285294,-0.10269779969785098,-0.32609227032279914,-0.25948766412331536,-0.2694686633711493,-0.24303932616580642,-0.41502066971210033,-0.2682668685255118,-0.35101510362341687
11.29999999999994,0.21243708904346356,-0.305358968712517,-0.25970502926519806,-0.2817845512984101,-0.09896716406580963,-0.32269619410293204,-0.25723436339640937,-0.2653282024752464,-0.23710948287781747,-0.4103658440116795,-0.2667388812579702,-0.34865098079745876
11.31999999999994,0.21830186912425872,-0.3014765780176014,-0.2573455407026283,-0.2792291645906433,-0.09523652843376827,-0.3193001178830649,-0.25498106266950343,-0.26118774157934355,-0.2311796395898285,-0.40571101831125866,-0.2652048346189701,-0.34628685797150066
11.33999999999994,0.22404942971244773,-0.2975851800543201,-0.2549781266018638,-0.27667917617503307,-0.09150589280172693,-0.31590404166319774,-0.2527277619425975,-0.2570472806834407,-0.22524979630183958,-0.40105619261083786,-0.263664655944672,-0.34392273514554256
11.359999999999939,0.2296838176826664,-0.29368471183881717,-0.25260270655646566,-0.27413455198352643,-0.08777525716968557,-0.3125079654433306,-0.25047446121569156,-0.2529068197875378,-0.21931995301385063,-0.396401366910417,-0.26211827110721486,-0.34155861231958445
11.379999999999939,0.23520895862562677,-0.28977510964976616,-0.25021919879115856,-0.2715952583049032,-0.0840446215376442,-0.30911188922346344,-0.2482211604887856,-0.24876635889163493,-0.21339010972586167,-0.3917465412099962,-0.26056560447308524,-0.33919448949362635
11.399999999999938,0.24062865035913317,-0.2858563090162243,-0.247827520128983,-0.26906126177956524,-0.08031398590560286,-0.3057158130035963,-0.24596785976187965,-0.24462589799573206,-0.20746026643787271,-0.38709171550957533,-0.25900657885995065,-0.33683036666766825
11.419999999999938,0.2459465590354302,-0.28192824470522854,-0.2454275859574266,-0.26653252939442285,-0.0765833502735615,-0.3023197367837292,-0.24371455903497372,-0.2404854370998292,-0.2015304231498838,-0.3824368898091545,-0.25744111549188936,-0.33446624384171014
11.439999999999937,0.25116621732775074,-0.2779908507091254,-0.243019310193496,-0.26400902847787716,-0.07285271464152016,-0.29892366056386205,-0.24146125830806775,-0.23634497620392633,-0.19560057986189483,-0.37778206410873366,-0.25586913395294253,-0.3321021210157521
11.459999999999937,0.25629102426536104,-0.2740440602326303,-0.24060260524768867,-0.2614907266948949,-0.0691220790094788,-0.2955275843439949,-0.2392079575811618,-0.23220451530802347,-0.18967073657390587,-0.37312723840831286,-0.2542905521389104,-0.329737998189794
11.479999999999936,0.2613242463604494,-0.27008780567960605,-0.23817738198682112,-0.2589775920421743,-0.06539144337743745,-0.29213150812412775,-0.23695465685425585,-0.2280640544121206,-0.18374089328591692,-0.368472412707892,-0.25270528620731214,-0.3273738753638359
11.499999999999936,0.26626901973310385,-0.2661220186395557,-0.23574354969567066,-0.25646959284340015,-0.06166080774539609,-0.2887354319042606,-0.2347013561273499,-0.22392359351621774,-0.177811049997928,-0.3638175870074712,-0.2511132505254221,-0.3250097525378778
11.519999999999936,0.27112835299368854,-0.2621466298738205,-0.2333010160373818,-0.253966697744585,-0.05793017211335474,-0.28533935568439345,-0.23244805540044397,-0.21978313262031487,-0.17188120670993903,-0.3591627613070503,-0.24951435761629148,-0.3226456297119197
11.539999999999935,0.27590513068641864,-0.2581615693014758,-0.23084968701258984,-0.25146887570949694,-0.054199536481313385,-0.28194327946452635,-0.230194754673538,-0.215642671724412,-0.16595136342195008,-0.3545079356066295,-0.24790851810265974,-0.3202815068859616
11.559999999999935,0.28060211713506356,-0.25416676598491683,-0.22838946691721052,-0.2489760960151682,-0.050468900849272025,-0.2785472032446592,-0.22794145394663207,-0.21150221082850915,-0.16002152013396112,-0.34985310990620866,-0.246295640648653,-0.31791738406000347
11.579999999999934,0.28522196056253857,-0.2501621481151252,-0.2259202582988409,-0.24648832824748707,-0.04673826521723067,-0.27515112702479205,-0.2256881532197261,-0.20736174993260628,-0.1540916768459722,-0.34519828420578785,-0.24467563189916278,-0.31555326123404537
11.599999999999934,0.28976719738166495,-0.2461476429966085,-0.2234419619117166,-0.24400554229686816,-0.04300762958518932,-0.2717550508049249,-0.22343485249282016,-0.20322128903670342,-0.14816183355798324,-0.340543458505367,-0.24304839641679044,-0.31318913840808726
11.619999999999933,0.2942402565753995,-0.24212317703200373,-0.22095447667016577,-0.24152770835400048,-0.039276993953147966,-0.26835897458505775,-0.2211815517659142,-0.19908082814080055,-0.14223199026999428,-0.3358886328049462,-0.2414138366162376,-0.3108250155821292
11.639999999999933,0.2986434641021177,-0.2380886757063343,-0.218457699600498,-0.23905479690567208,-0.035546358321106614,-0.26496289836519066,-0.21892825103900826,-0.1949403672448977,-0.13630214698200532,-0.3312338071045253,-0.23977185269601392,-0.3084608927561711
11.659999999999933,0.3029790472756726,-0.23404406357091317,-0.21595152579126392,-0.23658677873066844,-0.03181572268906526,-0.2615668221453235,-0.21667495031210232,-0.19079990634899482,-0.1303723036940164,-0.3265789814041045,-0.23812234256732798,-0.306096769930213
11.679999999999932,0.30724913908149243,-0.22998926422688015,-0.21343584834181692,-0.23412362489574387,-0.028085087057023905,-0.25817074592545636,-0.21442164958519636,-0.18665944545309196,-0.12444246040602744,-0.32192415570368366,-0.2364652017800174,-0.3037326471042549
11.699999999999932,0.31145578239936134,-0.2259242003083643,-0.2109105583091061,-0.2316653067516641,-0.024354451424982552,-0.2547746697055892,-0.21216834885829042,-0.1825189845571891,-0.11851261711803848,-0.31726933000326285,-0.2348003234453661,-0.3013685242782968
11.719999999999931,0.3156009341111234,-0.2218487934652612,-0.2083755446526249,-0.22921179592931865,-0.020623815792941196,-0.25137859348572206,-0.20991504813138445,-0.17837852366128623,-0.11258277383004954,-0.312614504302842,-0.23312759815564724,-0.2990044014523387
11.739999999999931,0.3196864690776806,-0.21776296434561346,-0.20583069417743746,-0.22676306433590093,-0.016893180160899843,-0.24798251726585493,-0.20766174740447851,-0.17423806276538334,-0.10665293054206058,-0.3079596786024212,-0.231446913900221,-0.2966402786263806
11.75999999999993,0.3237141839745694,-0.21366663257758348,-0.20327589147519973,-0.22431908415115556,-0.013162544528858488,-0.24458644104598778,-0.20540844667757258,-0.17009760186948047,-0.10072308725407164,-0.3033048529020003,-0.2297581559780046,-0.2942761558004225
11.77999999999993,0.3276858009793289,-0.20955971675100735,-0.20071101886308768,-0.22187982782369067,-0.009431908896817135,-0.24119036482612063,-0.2031551459506666,-0.1659571409735776,-0.09479324396608269,-0.2986500272015795,-0.22806120690612092,-0.2919120329744644
11.79999999999993,0.3316029713069884,-0.2054421343985173,-0.19813595632054265,-0.21944526806735412,-0.005701273264775781,-0.2377942886062535,-0.20090184522376067,-0.16181668007767475,-0.08886340067809374,-0.29399520150115865,-0.2263559463245202,-0.2895479101485063
11.81999999999993,0.3354672785924412,-0.2013138019762209,-0.19555058142373596,-0.2170153778576724,-0.0019706376327344273,-0.23439821238638636,-0.1986485444968547,-0.15767621918177188,-0.08293355739010479,-0.28934037580073785,-0.2246422508963559,-0.28718378732254823
11.839999999999929,0.3392802421203962,-0.1971746348439231,-0.19295476927765276,-0.21459013042835048,0.0017599979993069266,-0.2310021361665192,-0.19639524376994877,-0.15353575828586902,-0.07700371410211584,-0.284685550100317,-0.2229199942038804,-0.28481966449659013
11.859999999999928,0.3430433199050481,-0.19302454724487994,-0.19034839244568824,-0.2121694992678323,0.00549063363134828,-0.2276060599466521,-0.19414194304304283,-0.14939529738996615,-0.07107387081412689,-0.2800307243998962,-0.22118904663961284,-0.282455541670632
11.879999999999928,0.34675791162273056,-0.18886345228506773,-0.1877313208766432,-0.20975345811591897,0.009221269263389634,-0.22420998372678494,-0.19188864231613686,-0.1452548364940633,-0.06514402752613795,-0.2753758986994753,-0.21944927529251382,-0.2800914188446739
11.899999999999928,0.35042536140163816,-0.1846912619119553,-0.18510342182900183,-0.20734198096044532,0.012951904895430988,-0.2208139075069178,-0.18963534158923093,-0.14111437559816042,-0.05921418423814899,-0.2707210729990545,-0.21770054382888318,-0.2777272960187158
11.919999999999927,0.35404696047328665,-0.18050788689276417,-0.18246455979236584,-0.20493504203401228,0.016682540527472343,-0.21741783128705067,-0.18738204086232496,-0.13697391470225756,-0.05328434095016004,-0.26606624729863365,-0.21594271236768023,-0.2753631731927577
11.939999999999927,0.35762394969079825,-0.17631323679220093,-0.1798145964059141,-0.20253261581077456,0.020413176159513696,-0.21402175506718352,-0.18512874013541902,-0.1328334538063547,-0.04735449766217109,-0.26141142159821285,-0.21417563734994235,-0.2729990503667996
11.959999999999926,0.3611575219193456,-0.17210721994964703,-0.17715339037374875,-0.20013467700328225,0.02414381179155505,-0.21062567884731637,-0.18287543940851309,-0.12869299291045183,-0.04142465437418214,-0.256756595897792,-0.21239917140195821,-0.2706349275408415
11.979999999999926,0.3646488243042321,-0.16788974345578891,-0.17448079737698086,-0.19774120055937555,0.027874447423596405,-0.20722960262744924,-0.18062213868160712,-0.12455253201454897,-0.03549481108619319,-0.2521017701973712,-0.21061316319182533,-0.2682708047148834
11.999999999999925,0.3680989604221398,-0.163660713128672,-0.1717966699824016,-0.19535216165913075,0.03160508305563776,-0.2038335264075821,-0.17836883795470118,-0.1204120711186461,-0.029564967798204243,-0.24744694449695032,-0.2088174572789979,-0.26590668188892536
12.019999999999925,0.3715089923210379,-0.1594200334891611,-0.16910085754757462,-0.1929675357118578,0.03533571868767911,-0.20043745018771497,-0.17611553722779522,-0.11627161022274324,-0.023635124510215294,-0.24279211879652948,-0.20701189395640096,-0.26354255906296725
12.039999999999925,0.37487994245418277,-0.155167607735789,-0.1663932061221773,-0.19058729835314692,0.03906635431972046,-0.19704137396784782,-0.17386223650088928,-0.11213114932684037,-0.017705281222226345,-0.23813729309610865,-0.20519630908465716,-0.26117843623700915
12.059999999999924,0.3782127955135077,-0.15090333771897457,-0.16367355834540792,-0.1882114254419643,0.042796989951761816,-0.19364529774798067,-0.17160893577398334,-0.10799068843093751,-0.011775437934237395,-0.23348246739568781,-0.20337053391793897,-0.25881431341105104
12.079999999999924,0.38150850016755256,-0.1466271239145909,-0.16094175333926475,-0.1858398930577953,0.046527625583803175,-0.19024922152811355,-0.16935563504707737,-0.10385022753503464,-0.005845594646248447,-0.22882764169526698,-0.20153439492092393,-0.25645019058509294
12.099999999999923,0.3847679707089119,-0.1423388653968635,-0.15819762659749345,-0.18347267749783486,0.05025826121584453,-0.1868531453082464,-0.16710233432017144,-0.09970976663913178,8.424864174050268e-05,-0.22417281599484615,-0.19968771357629023,-0.25408606775913484
12.119999999999923,0.3879920886159894,-0.13803845981057739,-0.1554410098699846,-0.18110975527422338,0.05398889684788588,-0.18345706908837925,-0.16484903359326547,-0.09556930574322892,0.006014091929729452,-0.2195179902944253,-0.19783030618214859,-0.25172194493317673
12.139999999999922,0.39118170403364677,-0.1337258033425718,-0.15267173104239198,-0.1787511031113276,0.057719532479927234,-0.18006099286851213,-0.16259573286635953,-0.09142884484732605,0.011943935217718402,-0.21486316459400448,-0.19596198363876016,-0.24935782210721866
12.159999999999922,0.3943376371771365,-0.12940079069249963,-0.1498896140107284,-0.17639669794306587,0.06145016811196859,-0.17666491664864498,-0.1603424321394536,-0.08728838395142319,0.01787377850570735,-0.21020833889358365,-0.19408255122383863,-0.24699369928126055
12.179999999999922,0.3974606796634968,-0.1250633150428286,-0.1470944785506796,-0.17404651691027612,0.06518080374400995,-0.17326884042877783,-0.15808913141254763,-0.08314792305552031,0.0238036217936963,-0.2055535131931628,-0.19219180835568211,-0.24462957645530245
12.199999999999921,0.4005515957743875,-0.12071326802806014,-0.1442861401813624,-0.17170053735812674,0.06891143937605129,-0.1698727642089107,-0.1558358306856417,-0.07900746215961744,0.02973346508168525,-0.20089868749274198,-0.19028954834331754,-0.24226545362934435
12.21999999999992,0.4036111236541431,-0.11635053970314013,-0.14146441002323515,-0.16935873683356834,0.07264207500809265,-0.16647668798904355,-0.15358252995873573,-0.07486700126371458,0.0356633083696742,-0.19624386179232114,-0.1883755581227786,-0.23990133080338624
12.23999999999992,0.4066399764466237,-0.11197501851103657,-0.13862909464985174,-0.16702109308282687,0.076372710640134,-0.1630806117691764,-0.1513292292318298,-0.07072654036781172,0.04159315165766315,-0.1915890360919003,-0.1864496179785629,-0.23753720797742817
12.25999999999992,0.40963884337425077,-0.10758659124945605,-0.13577999593312867,-0.164687584048936,0.08010334627217536,-0.15968453554930928,-0.14907592850492385,-0.06658607947190885,0.0475229949456521,-0.18693421039147948,-0.18451150124923876,-0.23517308515147006
12.27999999999992,0.41260839076243666,-0.10318514303667159,-0.1329169108817758,-0.16235818786930917,0.08383398190421672,-0.15628845932944213,-0.14682262777801788,-0.06244561857600599,0.053452838233641047,-0.18227938469105864,-0.1825609740160845,-0.23280896232551196
12.299999999999919,0.41554926301243506,-0.09877055727643264,-0.13003963147251746,-0.16003288287334994,0.08756461753625806,-0.15289238310957498,-0.14456932705111195,-0.05830515768010312,0.059382681521629996,-0.1776245589906378,-0.1805977947735495,-0.23044483949955386
12.319999999999919,0.41846208352547165,-0.09434271562192643,-0.12714794447370723,-0.15771164758009945,0.09129525316829942,-0.14949630688970786,-0.14231602632420598,-0.05416469678420026,0.06531252480961895,-0.17296973329021698,-0.17862171408022331,-0.22808071667359575
12.339999999999918,0.4213474555808575,-0.08990149793875979,-0.12424163126091246,-0.1553944606959217,0.09502588880034077,-0.1461002306698407,-0.14006272559730004,-0.050024235888297394,0.0712423680976079,-0.16831490758979614,-0.17663247418888417,-0.22571659384763768
12.359999999999918,0.4242059631706232,-0.0854467822669282,-0.12132046762401799,-0.15308130111222412,0.09875652443238213,-0.14270415444997356,-0.1378094248703941,-0.04588377499239453,0.07717221138559685,-0.1636600818893753,-0.1746298086540736,-0.22335247102167957
12.379999999999917,0.42703817179307946,-0.08097844478173824,-0.11838422356536676,-0.1507721479032144,0.10248716006442347,-0.13930807823010644,-0.13555612414348814,-0.041743314096491665,0.08310205467358579,-0.15900525618895447,-0.1726134419155067,-0.22098834819572147
12.399999999999917,0.4298446292075625,-0.07649635975364796,-0.11543266308842325,-0.1484669803236917,0.10621779569646483,-0.13591200201023929,-0.1333028234165822,-0.037602853200588794,0.08903189796157475,-0.15435043048853364,-0.17058308885547238,-0.21862422536976336
12.419999999999916,0.4326258661524922,-0.07200039950698839,-0.11246554397641027,-0.14616577780687237,0.1099484313285062,-0.13251592579037214,-0.13104952268967623,-0.03346239230468593,0.09496174124956369,-0.1496956047881128,-0.1685384543282126,-0.2162601025438053
12.439999999999916,0.4353823970287524,-0.06749043437752766,-0.10948261756033134,-0.1438685199622489,0.11367906696054754,-0.129119849570505,-0.1287962219627703,-0.029321931408783065,0.10089158453755265,-0.14504077908769197,-0.16647923265907996,-0.21389597971784718
12.459999999999916,0.43811472055028083,-0.06296633266883808,-0.10648362847574984,-0.14157518657348217,0.1174097025925889,-0.12572377335063786,-0.12654292123586436,-0.0251814705128802,0.10682142782554159,-0.14038595338727114,-0.16440510711106807,-0.21153185689188908
12.479999999999915,0.4408233203636496,-0.05842796060742446,-0.10346831440765178,-0.1392857575963255,0.12114033822463025,-0.12232769713077073,-0.12428962050895839,-0.021041009616977337,0.11275127111353055,-0.1357311276868503,-0.1623157493160783,-0.20916773406593098
12.499999999999915,0.44350866563830965,-0.05387518229657038,-0.10043640582267074,-0.13700021315658092,0.1248709738566716,-0.11893162091090358,-0.12203631978205244,-0.016900548721074472,0.11868111440151949,-0.13107630198642947,-0.16021081866803144,-0.20680361123997287
12.519999999999914,0.44617121162907974,-0.0493078596688577,-0.09738762568790124,-0.13471853354808627,0.12860160948871296,-0.11553554469103644,-0.1197830190551465,-0.012760087825171606,0.12461095768950844,-0.12642147628600864,-0.15808996167464823,-0.2044394884140148
12.539999999999914,0.4488114002123642,-0.044725852437311864,-0.09432168917547042,-0.1324406992307327,0.1323322451207543,-0.1121394684711693,-0.11752971832824055,-0.00861962692926874,0.1305408009774974,-0.1217666505855878,-0.1559528112644054,-0.2020753655880567
12.559999999999913,0.45142966039750054,-0.040129018045124434,-0.0912383033519762,-0.13016669082851257,0.13606288075279566,-0.10874339225130217,-0.1152764176013346,-0.004479166033365875,0.13647064426548633,-0.11711182488516697,-0.15379898604481987,-0.1997112427620986
12.579999999999913,0.4540264088145525,-0.0355172116139019,-0.08813716685183381,-0.1278964891275963,0.13979351638483703,-0.10534731603143502,-0.11302311687442865,-0.00033870513746300974,0.14240048755347529,-0.11245699918474614,-0.15162808950781656,-0.19734711993614049
12.599999999999913,0.4566020501797939,-0.030890285890387413,-0.08501796953349927,-0.1256300750744383,0.14352415201687838,-0.10195123981156788,-0.1107698161475227,0.0038017557584398556,0.14833033084146424,-0.1078021734843253,-0.14943970917749164,-0.19498299711018238
12.619999999999912,0.4591569777400514,-0.026248091191600077,-0.08188039211746026,-0.12336742977391137,0.14725478764891972,-0.09855516359170075,-0.10851651542061676,0.00794221665434272,0.1542601741294532,-0.10314734778390447,-0.14723341569508255,-0.1926188742842243
12.639999999999912,0.4616915736970074,-0.021590475348334123,-0.07872410580479822,-0.12110853448746876,0.15098542328096107,-0.0951590873718336,-0.1062632146937108,0.012082677550245587,0.16019001741744213,-0.09849252208348364,-0.1450087618353979,-0.1902547514582662
12.659999999999911,0.46420620961250764,-0.016917283646957392,-0.07554877187503158,-0.11885337063133344,0.15471605891300244,-0.09176301115196646,-0.10400991396680485,0.016223138446148453,0.16611986070543108,-0.0938376963830628,-0.14276528144832296,-0.1878906286323081
12.679999999999911,0.4667012467958436,-0.012228358769446345,-0.07235404126184847,-0.11660191977471457,0.1584466945450438,-0.08836693493209932,-0.1017566132398989,0.020363599342051317,0.17204970399342004,-0.08918287068264197,-0.14050248831830725,-0.18552650580635
12.69999999999991,0.4691770366739464,-0.007523540731591711,-0.06913955410522388,-0.11435416363805,0.16217733017708513,-0.08497085871223217,-0.09950331251299295,0.024504060237954182,0.177979547281409,-0.08452804498222113,-0.13821987493392893,-0.18316238298039192
12.71999999999991,0.47163392114535024,-0.0028026668193061833,-0.06590493927829506,-0.1121100840912747,0.1659079658091265,-0.08157478249236504,-0.09725001178608701,0.028644521133857046,0.18390939056939792,-0.0798732192818003,-0.13591691115871565,-0.18079826015443382
12.73999999999991,0.4740722329187564,0.0019344284770376231,-0.06264981388723444,-0.10986966315211472,0.16963860144116785,-0.0781787062724979,-0.09499671105918106,0.032784982029759914,0.18983923385738688,-0.07521839358137947,-0.1335930427933613,-0.1784341373284757
12.75999999999991,0.47649229583697106,0.006687913530313897,-0.05937378274221175,-0.10763288298440599,0.1733692370732092,-0.07478263005263075,-0.09274341033227511,0.03692544292566278,0.19576907714537584,-0.07056356788095863,-0.13124769001829079,-0.1760700145025176
12.779999999999909,0.4788944251869457,0.011457959646473406,-0.05607643779737667,-0.1053997258964376,0.17709987270525057,-0.07138655383276361,-0.09049010960536916,0.04106590382156564,0.2016989204333648,-0.0659087421805378,-0.12888024570417367,-0.1737058916765595
12.799999999999908,0.48127892799661615,0.016244741136578277,-0.05275735755761507,-0.10317017433931934,0.18083050833729192,-0.06799047761289648,-0.0882368088784632,0.04520636471746851,0.20762876372135372,-0.06125391648011697,-0.12649007357643816,-0.17134176885060143
12.819999999999908,0.4836461033191897,0.021048435391127437,-0.049416106449637384,-0.10094421090537262,0.18456114396933326,-0.06459440139302933,-0.08598350815155727,0.04934682561337137,0.21355860700934268,-0.05659909077969614,-0.12407650621806288,-0.16897764602464332
12.839999999999907,0.48599624250549767,0.02586922295676244,-0.04605223415474246,-0.09872181832654482,0.1882917796013746,-0.06119832517316219,-0.08373020742465132,0.053487286509274236,0.21948845029733163,-0.051944265079275305,-0.12163884289288171,-0.16661352319868522
12.859999999999907,0.4883296294649964,0.03070728761544748,-0.04266527490036325,-0.0965029794728464,0.19202241523341598,-0.057802248953295055,-0.08147690669774536,0.05762774740517711,0.2254182935853206,-0.04728943937885447,-0.1191763471692844,-0.16424940037272712
12.879999999999907,0.49064654091596754,0.03556281646622184,-0.039254746707238844,-0.09428767735081046,0.19575305086545733,-0.05440617273342791,-0.07922360597083941,0.06176820830107997,0.23134813687330952,-0.04263461367843364,-0.11668824432147465,-0.161885277546769
12.899999999999906,0.4929472466254365,0.04043600000962767,-0.035820150588768,-0.0920758951019742,0.19948368649749867,-0.05101009651356077,-0.07697030524393346,0.06590866919698284,0.23727798016129847,-0.037979787978012804,-0.11417371848229417,-0.15952115472081094
12.919999999999906,0.49523200963930497,0.04532703223492095,-0.032360969698778407,-0.08986761600138224,0.20321432212954005,-0.04761402029369363,-0.07471700451702752,0.0700491300928857,0.24320782344928743,-0.03332496227759197,-0.1116319095179529,-0.15715703189485283
12.939999999999905,0.4975010865031588,0.05023611071017841,-0.028876668423590688,-0.08766282345611098,0.2069449577615814,-0.04421794407382649,-0.07246370379012157,0.07418959098878856,0.2491376667372764,-0.028670136577171133,-0.10906190959072908,-0.15479290906889473
12.959999999999905,0.49975472747419664,0.05516343667541913,-0.0253666914138611,-0.0854615010038141,0.21067559339362274,-0.04082186785395935,-0.07021040306321562,0.07833005188469143,0.25506751002526534,-0.0240153108767503,-0.10646275937069508,-0.15242878624293663
12.979999999999905,0.5019931767246943,0.06010921513886462,-0.021830462551247758,-0.0832636323112883,0.21440622902566409,-0.03742579163409221,-0.06795710233630967,0.0824705127805943,0.2609973533132543,-0.019360485176329465,-0.10383344385164953,-0.15006466341697855
12.999999999999904,0.5042166725373989,0.06507365497646815,-0.01826738384445618,-0.08106920117305962,0.21813686465770546,-0.034029715414225066,-0.06570380160940371,0.08661097367649716,0.2669271966012432,-0.014705659475908631,-0.10117288771950814,-0.14770054059102045
13.019999999999904,0.5064254474932296,0.0700569690348494,-0.014676834248673845,-0.07887819150998916,0.2218675002897468,-0.030633639194357926,-0.06345050088249778,0.09075143457240002,0.27285703988923216,-0.010050833775487798,-0.09847995021321679,-0.14533641776506234
13.039999999999903,0.5086197286516393,0.07505937423777863,-0.011058168401794013,-0.07669058736789869,0.22559813592178815,-0.027237562974490787,-0.06119720015559182,0.09489189546830289,0.2787868831772211,-0.005396008075066965,-0.09575341940852525,-0.14297229493910424
13.059999999999903,0.5107997377239712,0.08008109169636059,-0.007410715270145985,-0.07450637291621515,0.22932877155382952,-0.023841486754623647,-0.05894389942868587,0.09903235636420575,0.28471672646521007,-0.0007411823746461306,-0.09299200584336882,-0.14060817211314613
13.079999999999902,0.512965691240132,0.08512234682307686,-0.00373377669568376,-0.07232553244663419,0.23305940718587087,-0.020445410534756507,-0.05669059870177992,0.10317281726010863,0.290646569753199,0.003913643325774703,-0.09019433538973032,-0.13824404928718806
13.099999999999902,0.5151178007088812,0.09018336944985272,-2.6625835725062816e-05,-0.07014805037180202,0.23679004281791222,-0.017049334314889364,-0.054437297974873976,0.1073132781560115,0.296576413041188,0.008568469026195537,-0.08735894126017098,-0.13587992646122996
13.119999999999902,0.5172562727720251,0.09526439395032393,0.0037114945146348196,-0.06797391122401583,0.24052067844995356,-0.013653258095022224,-0.052183997247968024,0.11145373905191436,0.30250625632917694,0.013223294726616371,-0.08448425501706575,-0.13351580363527185
13.139999999999901,0.5193813093527887,0.10036565936648695,0.007481373728400936,-0.06580309965394163,0.24425131408199494,-0.010257181875155083,-0.04993069652106207,0.11559419994781722,0.3084360996171659,0.017878120427037205,-0.08156859642811398,-0.13115168080931375
13.1599999999999,0.5214931077986181,0.10548740953992684,0.01128383529304728,-0.06363560042935007,0.24798194971403628,-0.006861105655287943,-0.04767739579415613,0.11973466084372009,0.31436594290515485,0.02253294612745804,-0.07861016198184391,-0.12878755798335564
13.1799999999999,0.5235918610186683,0.1106298932478261,0.015119738910970095,-0.06147139843386945,0.25171258534607766,-0.0034650294354208024,-0.045424095067250175,0.12387512173962295,0.32029578619314375,0.027187771827878873,-0.0756070118402052,-0.12642343515739757
13.1999999999999,0.5256777576162,0.11579336434396947,0.018989982769202333,-0.059310478665755756,0.255443220978119,-6.895321555366163e-05,-0.04317079434034423,0.12801558263552582,0.3262256294811327,0.0318425975282997,-0.07255705496014918,-0.12405931233143946
13.2199999999999,0.5277509820161109,0.12097808190497077,0.02289550599536455,-0.05715282623667936,0.25917385661016035,0.003327123004313479,-0.04091749361343828,0.13215604353142868,0.33215547276912166,0.03649742322872054,-0.06945803205998889,-0.12169518950548136
13.239999999999899,0.5298117145878152,0.1261843103819599,0.026837291318876983,-0.05499842637052833,0.2629044922422017,0.006723199224180619,-0.03866419288653233,0.13629650442733154,0.3380853160571106,0.04115224892914137,-0.06630749603622062,-0.11933106667952327
13.259999999999899,0.531860131763664,0.13141231975798168,0.03081636795879794,-0.05284726440222777,0.26663512787424304,0.01011927544404776,-0.03641089215962638,0.1404369653232344,0.3440151593450996,0.045807074629562204,-0.06310278934828092,-0.11696694385356517
13.279999999999898,0.5338964061531016,0.13666238571137115,0.034833814762332646,-0.050699325776575224,0.2703657635062844,0.0135153516639149,-0.03415759143272043,0.14457742621913727,0.34994500263308853,0.05046190032998304,-0.05984101777692162,-0.11460282102760706
13.299999999999898,0.5359207066527416,0.14193478978538537,0.03889076362113089,-0.0485545960470916,0.2740963991383258,0.01691142788378204,-0.03190429070581448,0.14871788711504014,0.3558748459210775,0.05511672603040387,-0.056519019819099806,-0.11223869820164897
13.319999999999897,0.5379331985525238,0.14722981956438705,0.04298840319602876,-0.04641306087488763,0.27782703477036713,0.020307504103649184,-0.029650989978908533,0.152858348010943,0.36180468920906644,0.059771551730824705,-0.05313333079838707,-0.10987457537569087
13.339999999999897,0.5399340436381312,0.15254776885689192,0.047127982984969924,-0.0442747060275454,0.2815576704024085,0.023703580323516323,-0.02739768925200258,0.15699880890684587,0.36773453249705534,0.06442637743124555,-0.04968014053094716,-0.10751045254973278
13.359999999999896,0.5419234002898102,0.1578889378858095,0.051310817773561564,-0.04213951737801477,0.2852883060344498,0.027099656543383463,-0.025144388525096633,0.16113926980274873,0.3736643757850443,0.06908120313166638,-0.04615524307365318,-0.10514632972377468
13.379999999999896,0.5439014235777492,0.16325363348622557,0.055538292513196,-0.04000748090352453,0.28901894166649117,0.030495732763250603,-0.022891087798190685,0.1652797306986516,0.37959421907303326,0.07373602883208721,-0.04255397666541971,-0.10278220689781659
13.399999999999896,0.5458682653541557,0.16864216931109596,0.0598118676780406,-0.037878582684507944,0.2927495772985325,0.03389180898311774,-0.020637787071284736,0.16942019159455446,0.3855240623610222,0.07839085453250805,-0.03887115141597099,-0.10041808407185848
13.419999999999895,0.5478240743421674,0.1740548660452404,0.06413308515963598,-0.03575280890354245,0.29648021293057386,0.037287885202984886,-0.018384486344378788,0.17356065249045732,0.39145390564901117,0.08304568023292888,-0.03510096154094086,-0.09805396124590038
13.439999999999895,0.5497689962217229,0.179492051628051,0.06850357476655337,-0.033630145844303384,0.30021084856261526,0.04068396142285203,-0.016131185617472836,0.1777011133863602,0.3973837489370001,0.08770050593334972,-0.031236877904209193,-0.09568983841994229
13.459999999999894,0.5517031737125213,0.18495406148535196,0.07292506140679653,-0.031510579890531416,0.3039414841946566,0.044080037642719165,-0.013877884890566888,0.18184157428226305,0.4033135922249891,0.09235533163377055,-0.027271515181496314,-0.09332571559398418
13.479999999999894,0.5536267466541802,0.19044123877087485,0.0773993730427048,-0.029394097525013492,0.30767211982669795,0.04747611386258631,-0.01162458416366094,0.18598203517816592,0.40924343551297804,0.09701015733419138,-0.02319646591071864,-0.0909615927680261
13.499999999999893,0.5555398520837069,0.19595393461784152,0.08192844952240157,-0.027280685328577102,0.3114027554587393,0.050872190082453445,-0.00937128343675499,0.19012249607406878,0.41517327880096694,0.10166498303461222,-0.0190020907441613,-0.08859746994206799
13.519999999999893,0.5574426243103933,0.2014925084011763,0.08651435240880997,-0.025170329979097645,0.31513339109078065,0.05426826630232059,-0.007117982709849041,0.19426295696997167,0.4211031220889559,0.10631980873503305,-0.014677249886796051,-0.0862333471161099
13.539999999999893,0.5593351949882264,0.20705732801090154,0.09115927594751541,-0.02306301825051866,0.318864026722822,0.05766434252218773,-0.0048646819829430915,0.19840341786587454,0.42703296537694485,0.11097463443545388,-0.010208954213133286,-0.0838692242901518
13.559999999999892,0.5612176931859227,0.21264877013730515,0.09586555933902831,-0.020958737011884724,0.32259466235486334,0.06106041874205487,-0.0026113812560371423,0.2025438787617774,0.4329628086649338,0.11562946013587472,-0.005581904591553233,-0.0815051014641937
13.579999999999892,0.5630902454546706,0.21826722056850606,0.10063570051021672,-0.0188574732263869,0.32632529798690474,0.064456494961922,-0.000358080529131193,0.20668433965768027,0.43889265195292276,0.12028428583629555,-0.0007778722430757513,-0.0791409786382356
13.599999999999891,0.5649529758936751,0.22391307450108197,0.10547237161501181,-0.016759213950420366,0.3300559336189461,0.06785257118178915,0.0018952201977747562,0.21082480055358313,0.4448224952409117,0.12493911153671639,0.004225152539909776,-0.0767768558122775
13.61999999999989,0.5668060062135843,0.22958673686446815,0.11037843653743111,-0.014663946332654228,0.33378656925098743,0.07124864740165629,0.004148520924680705,0.214965261449486,0.4507523385289007,0.12959393723713722,0.00945415885827044,-0.07441273298631941
13.63999999999989,0.5686494557978832,0.23528862265987938,0.11535697072242673,-0.012571657613113185,0.3375172048830288,0.07464472362152343,0.006401821651586655,0.21910572234538886,0.45668218181688963,0.13424876293755805,0.014942851395394436,-0.0720486101603613
13.65999999999989,0.5704834417623288,0.24101915731455997,0.12041128372451652,-0.010482335122270935,0.3412478405150701,0.07804079984139058,0.008655122378492603,0.22324618324129172,0.46261202510487853,0.1389035886379789,0.020734252365843513,-0.06968448733440322
13.67999999999989,0.5723080790125047,0.24677877705221543,0.12554494494379298,-0.008395966280155098,0.34497847614711147,0.08143687606125771,0.010908423105398553,0.2273866441371946,0.4685418683928675,0.14355841433839972,0.02688476377184923,-0.06732036450844511
13.69999999999989,0.57412348029956,0.25256792928054,0.13076181311792123,-0.006312538595463501,0.3487091117791528,0.08483295228112485,0.013161723832304502,0.23152710503309745,0.47447171168085644,0.14821324003882055,0.03347083727410008,-0.06495624168248701
13.719999999999889,0.5759297562742047,0.25838707299681374,0.1360660702626535,-0.004232039664691653,0.3524397474111942,0.088229028500992,0.015415024559210452,0.23566756592900032,0.4804015549688454,0.1528680657392414,0.040600646020392823,-0.06259211885652892
13.739999999999888,0.5777270155390241,0.26423667921260996,0.1414622609095486,-0.0021544571712712153,0.35617038304323556,0.09162510472085914,0.0176683252861164,0.23980802682490318,0.48633139825683436,0.15752289143966222,0.04843628695609075,-0.060227996030570816
13.759999999999888,0.5795153646991775,0.2701172313987248,0.14695533768784547,-7.977888471931977e-05,0.3599010186752769,0.09502118094072627,0.01992162601302235,0.24394848772080605,0.4922612415448233,0.16217771714008306,0.05724114886646296,-0.05786387320461272
13.779999999999887,0.5812949084115357,0.2760292259515194,0.15255071455114047,0.0019920073402014456,0.36363165430731825,0.09841725716059342,0.0221749267399283,0.2480889486167089,0.49819108483281227,0.1668325428405039,0.06749968692969735,-0.05549975037865462
13.799999999999887,0.5830657494323187,0.2819731726819458,0.15825432927691832,0.004060913564312541,0.3673622899393596,0.10181333338046056,0.02442822746683425,0.25222940951261175,0.5041209281208012,0.17148736854092472,0.0803209981591974,-0.053135627552696525
13.819999999999887,0.5848279886632843,0.2879495953286232,0.1640727172933265,0.006126951764838628,0.37109292557140094,0.1052094096003277,0.026681528193740197,0.25636987040851467,0.5100507714087902,0.17614219424134556,0.10015018710018164,-0.05077150472673843
13.839999999999886,0.586581725196523,0.29395903209642155,0.17001309944818666,0.00819013383621653,0.3748235612034423,0.10860548582019484,0.028934828920646145,0.26051033130441753,0.5159806146967791,0.1807970199417664,0.12010356705214578,-0.04840738190078033
13.859999999999886,0.5883270563579066,0.3000020362221246,0.17608348708012841,0.010250471590894168,0.3785541968354837,0.11200156204006198,0.031188129647552094,0.2646507922003204,0.5219104579847681,0.18545184564218722,0.12010356705214578,-0.046043259074822235
13.879999999999885,0.5900640777492421,0.3060791765688521,0.18229280875274514,0.01230797676011958,0.38228483246752504,0.11539763825992912,0.03344143037445804,0.26879125309622326,0.527840301272757,0.19010667134260806,0.1201035670521458,-0.04367913624886413
13.899999999999885,0.5917928832891728,0.31219103825104966,0.18865106437442855,0.014362660994720252,0.3860154680995664,0.11879371447979627,0.035694731101363994,0.2729317139921261,0.5337701445607459,0.1947614970430289,0.12010356705214578,-0.041315013422906034
13.919999999999884,0.5935135652528712,0.3183382232919896,0.1951695143038773,0.01641453586587281,0.38974610373160773,0.1221897906996634,0.037948031828269946,0.277072174888029,0.5396999878487349,0.19941632274344973,0.12010356705214577,-0.03895089059694794
13.939999999999884,0.5952262143105715,0.3245213513158748,0.2018609136672549,0.01846361286586328,0.3934767393636491,0.12558586691953055,0.04020133255517589,0.28121263578393185,0.5456298311367238,0.20407114844387056,0.12010356705214578,-0.03658676777098984
13.959999999999884,0.5969309195649736,0.33074106027679623,0.208739805845099,0.020509903408838095,0.3972073749956904,0.12898194313939768,0.04245463328208184,0.2853530966798347,0.5515596744247128,0.2087259741442914,0.12010356705214578,-0.034222644945031744
13.979999999999883,0.5986277685875645,0.33699800722697265,0.21582289448508488,0.022553418831545845,0.40093801062773177,0.13237801935926483,0.04470793400898779,0.2894935575757376,0.5574895177127017,0.21338079984471223,0.12010356705214578,-0.03185852211907365
13.999999999999883,0.6003168474538934,0.34329286912689044,0.22312952135712283,0.02459417039407006,0.40466864625977317,0.13577409557913198,0.04696123473589374,0.29363401847164045,0.5634193610006907,0.21803562554513306,0.12010356705214577,-0.029494399293115547
14.019999999999882,0.6019982407778314,0.3496263437001716,0.23068228936250937,0.02663216928055309,0.4083992818918145,0.1391701717989991,0.04921453546279969,0.2977744793675433,0.5693492042886796,0.2226904512455539,0.12010356705214578,-0.02713027646715745
14.039999999999882,0.6036720317448583,0.3559991503362251,0.23850788852639973,0.028667426599911207,0.41212991752385586,0.14256624801886625,0.051467836189705636,0.3019149402634462,0.5752790475766686,0.22734527694597473,0.12010356705214577,-0.02476615364119935
14.059999999999881,0.6053383021444027,0.36241203104398706,0.24663821217947446,0.030699953386541065,0.4158605531558972,0.1459623242387334,0.05372113691661159,0.30605540115934904,0.5812088908646575,0.23200010264639556,0.12010356705214581,-0.022402030815241253
14.079999999999881,0.6069971324012708,0.3688657514603301,0.2551118986064618,0.03272976060101771,0.41959118878793855,0.14935840045860052,0.05597443764351753,0.3101958620552519,0.5871387341526465,0.2366549283468164,0.12010356705214578,-0.020037907989283156
14.09999999999988,0.6086486016061962,0.3753611019170196,0.26397651495588836,0.03475685913078409,0.4233218244199799,0.15275447667846767,0.058227738370423485,0.31433632295115477,0.5930685774406355,0.24130975404723723,0.12010356705214575,-0.01767378516332506
14.11999999999988,0.610292787545531,0.38189889857042725,0.2732917442718358,0.03678125979083246,0.42705246005202124,0.1561505528983348,0.060481039097329437,0.31847678384705763,0.5989984207286244,0.24596457974765806,0.1201035670521458,-0.01530966233736696
14.13999999999988,0.6119297667301212,0.38847998459857286,0.2831342038156728,0.03880297332437749,0.43078309568406264,0.15954662911820194,0.06273433982423539,0.3226172447429605,0.6049282640166134,0.25061940544807887,0.12010356705214578,-0.012945539511408862
14.15999999999988,0.6135596144233828,0.39510523147046495,0.2936050485312908,0.04082201040352148,0.434513731316104,0.1629427053380691,0.06498764055114133,0.32675770563886336,0.6108581073046023,0.25527423114849973,0.12010356705214577,-0.010581416685450764
14.179999999999879,0.6151824046686032,0.40177554029314855,0.3048426233578976,0.04283838162991162,0.43824436694814534,0.16633878155793622,0.06724094127804728,0.3308981665347662,0.6167879505925913,0.25992905684892054,0.1201035670521458,-0.008217293859492667
14.199999999999878,0.6167982103155043,0.40849184324235743,0.3170449889299055,0.0448520975353894,0.4419750025801867,0.16973485777780337,0.06949424200495323,0.3350386274306691,0.6227177938805802,0.2645838825493414,0.12010356705214577,-0.005853171033534569
14.219999999999878,0.6184071030460798,0.4152551050831988,0.3305137746766942,0.046863168582632474,0.44570563821222803,0.17313093399767052,0.07174754273185918,0.33917908832657195,0.6286476371685692,0.2692387082497622,0.12010356705214575,-0.003489048207576471
14.239999999999878,0.6200091533997384,0.42206632478789546,0.3457508858871916,0.04887160516578884,0.4494362738442694,0.17652701021753764,0.07400084345876513,0.3433195492224748,0.634577480456558,0.27389353395018307,0.1201035670521458,-0.0011249253816183731
14.259999999999877,0.621604430797768,0.4289265372582659,0.3637161228415418,0.050877417611103634,0.4531669094763107,0.1799230864374048,0.07625414418567107,0.3474600101183777,0.640507323744547,0.27854835965060387,0.12010356705214575,0.0012391974443397248
14.279999999999877,0.6231930035671494,0.4358368151613498,0.3867865162600369,0.052880616177538524,0.4568975451083521,0.18331916265727194,0.07850744491257702,0.35160047101428055,0.646437167032536,0.28320318535102473,0.1201035670521458,0.0036033202702978225
14.299999999999876,0.6247749389637373,0.4427982708874007,0.4287707000415222,0.054881211057383875,0.46062818074039347,0.18671523887713906,0.08076074563948298,0.3557409319101834,0.6523670103205249,0.28785801105144554,0.1201035670521458,0.00596744309625592
14.319999999999876,0.6263503031948265,0.44981205864036167,0.447454280262865,0.0568792123768638,0.4643588163724348,0.1901113150970062,0.08301404636638893,0.3598813928060863,0.6582968536085139,0.2925128367518664,0.12010356705214575,0.008331565922214018
14.339999999999876,0.6279191614411268,0.4568793766719533,0.44745428026286493,0.05887463019673417,0.46808945200447616,0.19350739131687336,0.08526734709329488,0.36402185370198914,0.6642266968965028,0.2971676624522872,0.12010356705214577,0.010695688748172116
14.359999999999875,0.6294815778781611,0.4640014696716131,0.44745428026286493,0.06086747451287355,0.4718200876365175,0.19690346753674048,0.08752064782020083,0.368162314597892,0.6701565401844918,0.30182248815270807,0.12010356705214578,0.013059811574130213
14.379999999999875,0.6310376156971091,0.4711796313257918,0.44745428026286493,0.06285775525686756,0.47555072326855885,0.20029954375660763,0.08977394854710677,0.37230277549379487,0.6760863834724807,0.3064773138531289,0.12010356705214581,0.015423934400088312
14.399999999999874,0.6325873371251105,0.4784152070615021,0.447454280262865,0.0648454822965862,0.4792813589006002,0.20369561997647478,0.09202724927401272,0.37644323638969773,0.6820162267604697,0.31113213955354974,0.12010356705214578,0.01778805722604641
14.419999999999874,0.6341308034450434,0.4857095969906027,0.4474542802628649,0.06683066543675471,0.4830119945326416,0.2070916961963419,0.09428055000091867,0.3805836972856006,0.6879460700484586,0.31578696525397054,0.12010356705214577,0.020152180052004507
14.439999999999873,0.6356680750147994,0.4930642590730622,0.4474542802628649,0.06881331441951784,0.48674263016468294,0.21048777241620906,0.09653385072782462,0.38472415818150346,0.6938759133364476,0.3204417909543914,0.1201035670521458,0.022516302877962604
14.459999999999873,0.6371992112860642,0.5004807125194467,0.44745428026286493,0.07079343892499756,0.4904732657967243,0.2138838486360762,0.09878715145473058,0.3888646190774063,0.6998057566244366,0.3250966166548122,0.12010356705214582,0.024880425703920704
14.479999999999873,0.6387242708226243,0.5079605414551168,0.4474542802628649,0.07277104857184458,0.49420390142876564,0.21727992485594333,0.10104045218163651,0.3930050799733092,0.7057355999124255,0.32975144235523307,0.12010356705214582,0.0272445485298788
14.499999999999872,0.6402433113182104,0.5155053988711736,0.447454280262865,0.07474615291778332,0.497934537060807,0.22067600107581048,0.10329375290854247,0.39714554086921205,0.7116654432004145,0.3344062680556539,0.12010356705214578,0.029608671355836898
